phone_number,name
+1234567890,John Doe
+1234567891,Jane Smith
+1234567892,Bob Johnson
+1234567893,Alice Brown
+1234567894,Charlie Wilson
+1234567895,Diana Davis
+1234567896,Edward Miller
+1234567897,Fiona Garcia
+1234567898,George Martinez
+1234567899,Helen Anderson
+1234567800,Michael Chen
+1234567801,Sarah Williams
+1234567802,David Kumar
+1234567803,Lisa Thompson
+1234567804,James Rodriguez
+1234567805,Emma Johnson
+1234567806,Ryan Patel
+1234567807,Olivia Brown
+1234567808,Daniel Lee
+1234567809,Sophia Davis